100000000000,0x1,DiskWrite
101000000000,0x6,DiskRead
110000000000,0x5,DiskRead
120000000000,0x1,DiskRead
120000000000,0x3,DiskWrite
122000000000,0x4,DiskWrite
124000000000,0x2,DiskRead
140000000000,0x6,DiskWrite
150000000000,0x3,DiskRead
160000000000,0x5,DiskWrite
200000000000,0x4,DiskRead
300000000000,0x1,DiskWrite
300000000000,0x1,DiskRead
300000000000,0x1,DiskRead
300000000000,0x1,DiskWrite
300000000000,0x1,DiskRead
301000000000,0x2,DiskWrite
320000000000,0x1,DiskRead
320000000000,0x2,DiskWrite
324000000000,0x1,DiskWrite
326000000000,0x1,DiskRead
328000000000,0x2,DiskWrite
330000000000,0x1,DiskWrite
332000000000,0x2,DiskWrite
332000000000,0x1,DiskRead
370000000000,0x2,DiskWrite
380000000000,0x1,DiskRead
380000000000,0x1,DiskWrite
390000000000,0x1,DiskRead
390000000000,0x1,DiskRead
400000000000,0x2,DiskWrite
410000000000,0x2,DiskWrite
420000000000,0x2,DiskWrite
500000000000,0x2,DiskRead
